<?xml version="1.0" encoding="UTF-8"?>
<manual library="APP" package="Identity" namespace="\">
  <class name="person" abstract="">
    <info>
      <version>0.1</version>
      <build>1</build>
      <datecreated>1445627196</datecreated>
      <daterevised>1445627196</daterevised>
      <extends>
        <object>\AEL\Identity\person</object>
      </extends>
      <implements/>
      <throws/>
      <title>Person management class</title>
      <description>This class handles the person connection to the team identity database.</description>
      <deprecated/>
    </info>
    <constants/>
    <properties>
      <scope type="public"/>
      <scope type="protected"/>
      <scope type="private"/>
    </properties>
    <methods>
      <scope type="public">
        <method name="getAPIInstance" returntype="void" static="true">
          <description>Initialize the identity engine for the team making the api request.
It will get the team info from the api key given.</description>
          <parameters/>
          <returndescription/>
          <throws/>
          <deprecated/>
        </method>
      </scope>
      <scope type="protected"/>
      <scope type="private"/>
    </methods>
  </class>
</manual>
