<?xml version="1.0" encoding="UTF-8"?>
<map><library name="APP"><package name="Main"/><package name="Identity"><object name="account" title="account"/><object name="person" title="person"/><object name="accountSession" title="accountSession"/></package><package name="Resources"><object name="settings" title="settings"/><object name="activityLog" title="activityLog"/><object name="socialLogin" title="socialLogin"></object></package><package name="Security"><object name="appKey" title="appKey"/><object name="publicAppKey" title="publicAppKey"/><object name="privateAppKey" title="privateAppKey"/></package><package name="Mail"><object name="appMail" title="appMail"/></package><package name="Utils"><object name="Logger" title="Logger"/><object name="DayLogger" title="DayLogger"/><object name="UserLogger" title="UserLogger"/></package></library></map>
