<?xml version="1.0" encoding="UTF-8"?>
<views><view name="MainView"/><view name="appOverview"/><folder name="users"><view name="userList"/><view name="userDetails"/><view name="addUserDialog"/><view name="accountSessionList"/><folder name="permissions"><view name="accountPermissions"/></folder><folder name="actions"/></folder><folder name="documentation"><view name="apiDocumentation"/></folder><folder name="forms"><view name="embeddedForms"/><view name="formExplorer"/><view name="formWizard"/></folder><view name="AboutView"/><view name="MainAppContainer"/><view name="StartScreen"/><folder name="api"><view name="login"/><view name="register"/><folder name="account"><view name="info"/><folder name="sessions"><view name="list"/><view name="remove"/></folder><view name="update"/><view name="updateUsername"/><view name="updatePassword"/><view name="updatePasswordFromReset"/><view name="validate"/><folder name="permissions"><view name="validate"></view></folder></folder><view name="resetPassword"/><view name="logout"/><folder name="social"><view name="facebookLogin"/><view name="googleLogin"/></folder><folder name="external"><view name="loginDialog"/></folder></folder><folder name="settings"><view name="appSettings"/><folder name="billing"><view name="billingInfo"/></folder><folder name="keys"><view name="applicationKeys"/></folder><view name="demoInfo"/><view name="emailingUsers"/><view name="socialSettings"/><view name="socialCredentialsDialog"/><view name="showRedirectUri"/><view name="socialLoginToggle"/><view name="pmSettings"/></folder><view name="storeNewUserStats"/><folder name="demo"><view name="demoPopup"/><view name="playDemo"/></folder></views>
