<?xml version="1.0" encoding="UTF-8"?>
<map><library name="APP"><package name="Main"/><package name="Identity"><object name="account" title="account"/><object name="person" title="person"/><object name="accountSession" title="accountSession"/></package><package name="Resources"><object name="settings" title="settings"/><object name="activityLog" title="activityLog"/></package><package name="Security"><object name="appKey" title="appKey"/></package><package name="Mail"><object name="appMail" title="appMail"/></package><package name="Utils"><object name="Logger" title="Logger"/><object name="DayLogger" title="DayLogger"/><object name="UserLogger" title="UserLogger"></object></package></library></map>
