<?xml version="1.0" encoding="UTF-8"?>
<views><view name="MainView"/><view name="appOverview"/><folder name="users"><view name="userList"/><view name="userDetails"/><view name="addUserDialog"/></folder><folder name="documentation"><view name="apiDocumentation"/></folder><folder name="forms"><view name="embeddedForms"/><view name="formExplorer"/><view name="formWizard"/></folder><view name="AboutView"/><view name="MainAppContainer"/><view name="StartScreen"/><folder name="api"><view name="login"/><view name="register"/><folder name="account"><view name="info"/><folder name="sessions"><view name="list"/><view name="remove"/></folder><view name="update"/><view name="updateUsername"/><view name="updatePassword"/><view name="updatePasswordFromReset"/><view name="validate"/><folder name="custom"/></folder><view name="resetPassword"/><view name="logout"/></folder><folder name="settings"><view name="appSettings"/><folder name="billing"><view name="billingInfo"/></folder><folder name="keys"><view name="applicationKeys"/><view name="createNewKey"/><view name="removeKey"/><view name="editKeyDialog"/><view name="keyInfo"/></folder><view name="demoInfo"/><view name="emailingUsers"/></folder><folder name="utils"/><view name="storeNewUserStats"/></views>
