<?xml version="1.0" encoding="UTF-8"?>
<manual library="APP" package="Resources" namespace="\">
  <class name="settings" abstract="">
    <info>
      <version>0.1</version>
      <build>1</build>
      <datecreated>1444931528</datecreated>
      <daterevised>1444931528</daterevised>
      <extends>
        <object>\AEL\Resources\appSettings</object>
      </extends>
      <implements/>
      <throws/>
      <title>Application settings for the current application.</title>
      <description/>
      <deprecated/>
    </info>
    <constants/>
    <properties>
      <scope type="public"/>
      <scope type="protected"/>
      <scope type="private"/>
    </properties>
    <methods>
      <scope type="public">
        <method name="__construct" returntype="void">
          <description>Create a new application settings instance.</description>
          <parameters/>
          <returndescription/>
          <throws/>
          <deprecated/>
        </method>
      </scope>
      <scope type="protected"/>
      <scope type="private"/>
    </methods>
  </class>
</manual>
